{
    "total_runtime": 428.5007474422455,
    "num_documents": 1,
    "input_load_time": 0,
    "workflows": {
        "create_base_text_units": {
            "overall": 0.1136171817779541,
            "0_orderby": 0.0014262199401855469,
            "1_zip": 0.0016696453094482422,
            "2_aggregate_override": 0.002694845199584961,
            "3_chunk": 0.08770561218261719,
            "4_select": 0.002243518829345703,
            "5_unroll": 0.0028228759765625,
            "6_rename": 0.0023016929626464844,
            "7_genid": 0.0024101734161376953,
            "8_unzip": 0.0026369094848632812,
            "9_copy": 0.002346038818359375,
            "10_filter": 0.004016876220703125
        },
        "create_base_extracted_entities": {
            "overall": 95.39596581459045,
            "0_entity_extract": 95.38010597229004,
            "1_merge_graphs": 0.013141393661499023
        },
        "create_final_covariates": {
            "overall": 139.830561876297,
            "0_extract_covariates": 139.80960416793823,
            "1_window": 0.0035369396209716797,
            "2_genid": 0.0034017562866210938,
            "3_convert": 0.0034835338592529297,
            "4_rename": 0.003627300262451172,
            "5_select": 0.003914594650268555
        },
        "create_summarized_entities": {
            "overall": 25.561005353927612,
            "0_summarize_descriptions": 25.557130813598633
        },
        "join_text_units_to_covariate_ids": {
            "overall": 0.013675689697265625,
            "0_select": 0.0042722225189208984,
            "1_aggregate_override": 0.005301475524902344
        },
        "create_base_entity_graph": {
            "overall": 0.04878067970275879,
            "0_cluster_graph": 0.03937554359436035,
            "1_select": 0.004987001419067383
        },
        "create_final_entities": {
            "overall": 2.5134150981903076,
            "0_unpack_graph": 0.014569759368896484,
            "1_rename": 0.005368709564208984,
            "2_select": 0.00522923469543457,
            "3_dedupe": 0.006522178649902344,
            "4_rename": 0.005506038665771484,
            "5_filter": 0.007122039794921875,
            "6_text_split": 0.0069577693939208984,
            "7_drop": 0.005898714065551758,
            "8_merge": 0.01736593246459961,
            "9_text_embed": 2.419581174850464,
            "10_drop": 0.006479501724243164,
            "11_filter": 0.00793147087097168
        },
        "create_final_nodes": {
            "overall": 0.14047813415527344,
            "0_layout_graph": 0.03992033004760742,
            "1_unpack_graph": 0.016193389892578125,
            "2_unpack_graph": 0.017249584197998047,
            "3_drop": 0.0073394775390625,
            "4_filter": 0.01068568229675293,
            "5_select": 0.008125543594360352,
            "6_rename": 0.007417917251586914,
            "7_join": 0.010363101959228516,
            "8_convert": 0.008281230926513672,
            "9_rename": 0.00809931755065918
        },
        "create_final_communities": {
            "overall": 0.178558349609375,
            "0_unpack_graph": 0.0172121524810791,
            "1_unpack_graph": 0.016767263412475586,
            "2_aggregate_override": 0.009909868240356445,
            "3_join": 0.011438369750976562,
            "4_join": 0.01183319091796875,
            "5_concat": 0.008779048919677734,
            "6_filter": 0.01950240135192871,
            "7_aggregate_override": 0.011284112930297852,
            "8_join": 0.012548685073852539,
            "9_filter": 0.011130571365356445,
            "10_fill": 0.00896596908569336,
            "11_merge": 0.012644767761230469,
            "12_copy": 0.009302616119384766,
            "13_select": 0.009372472763061523
        },
        "join_text_units_to_entity_ids": {
            "overall": 0.04172849655151367,
            "0_select": 0.00983572006225586,
            "1_unroll": 0.011478424072265625,
            "2_aggregate_override": 0.011010885238647461
        },
        "create_final_relationships": {
            "overall": 0.11698603630065918,
            "0_unpack_graph": 0.020444393157958984,
            "1_filter": 0.013944625854492188,
            "2_rename": 0.010380268096923828,
            "3_filter": 0.013767004013061523,
            "4_drop": 0.010952949523925781,
            "5_compute_edge_combined_degree": 0.0127716064453125,
            "6_convert": 0.013563156127929688,
            "7_convert": 0.011065483093261719
        },
        "join_text_units_to_relationship_ids": {
            "overall": 0.059391021728515625,
            "0_select": 0.011475801467895508,
            "1_unroll": 0.012050628662109375,
            "2_aggregate_override": 0.012737751007080078,
            "3_select": 0.012096166610717773
        },
        "create_final_community_reports": {
            "overall": 162.18459343910217,
            "0_prepare_community_reports_nodes": 0.013758659362792969,
            "1_prepare_community_reports_edges": 0.013782978057861328,
            "2_prepare_community_reports_claims": 0.012634515762329102,
            "3_restore_community_hierarchy": 0.015418529510498047,
            "4_prepare_community_reports": 0.0821695327758789,
            "5_create_community_reports": 162.02170729637146,
            "6_window": 0.013228416442871094
        },
        "create_final_text_units": {
            "overall": 0.11721944808959961,
            "0_select": 0.012950658798217773,
            "1_rename": 0.013492345809936523,
            "2_join": 0.015859127044677734,
            "3_join": 0.016800403594970703,
            "4_join": 0.01597142219543457,
            "5_aggregate_override": 0.015589714050292969,
            "6_select": 0.013735771179199219
        },
        "create_base_documents": {
            "overall": 0.13764524459838867,
            "0_unroll": 0.014917850494384766,
            "1_select": 0.014461040496826172,
            "2_rename": 0.014358997344970703,
            "3_join": 0.017271757125854492,
            "4_aggregate_override": 0.015537500381469727,
            "5_join": 0.017160415649414062,
            "6_rename": 0.014883995056152344,
            "7_convert": 0.015371561050415039
        },
        "create_final_documents": {
            "overall": 0.030046463012695312,
            "0_rename": 0.01515817642211914
        }
    }
}