{
    "total_runtime": 364.49652338027954,
    "num_documents": 1,
    "input_load_time": 0,
    "workflows": {
        "create_base_extracted_entities": {
            "overall": 193.31602597236633,
            "0_entity_extract": 193.2977809906006,
            "1_merge_graphs": 0.016993999481201172
        },
        "create_final_covariates": {
            "overall": 170.88160610198975,
            "0_extract_covariates": 170.86918115615845,
            "1_window": 0.002172708511352539,
            "2_genid": 0.0019829273223876953,
            "3_convert": 0.002025604248046875,
            "4_rename": 0.002228975296020508,
            "5_select": 0.0025124549865722656
        }
    }
}