{
    "total_runtime": 1856.41281747818,
    "num_documents": 1,
    "input_load_time": 0,
    "workflows": {
        "create_base_text_units": {
            "overall": 0.11063694953918457,
            "0_orderby": 0.001383066177368164,
            "1_zip": 0.001585245132446289,
            "2_aggregate_override": 0.0024871826171875,
            "3_chunk": 0.08550000190734863,
            "4_select": 0.0021965503692626953,
            "5_unroll": 0.0026259422302246094,
            "6_rename": 0.002025604248046875,
            "7_genid": 0.002493143081665039,
            "8_unzip": 0.002733945846557617,
            "9_copy": 0.002304553985595703,
            "10_filter": 0.004073381423950195
        },
        "create_base_extracted_entities": {
            "overall": 319.2193646430969,
            "0_entity_extract": 319.20313119888306,
            "1_merge_graphs": 0.013583183288574219
        },
        "create_final_covariates": {
            "overall": 54.386714458465576,
            "0_extract_covariates": 54.36654210090637,
            "1_window": 0.0033750534057617188,
            "2_genid": 0.0032536983489990234,
            "3_convert": 0.0033674240112304688,
            "4_rename": 0.0034470558166503906,
            "5_select": 0.0038254261016845703
        },
        "create_summarized_entities": {
            "overall": 14.086326360702515,
            "0_summarize_descriptions": 14.082605600357056
        },
        "join_text_units_to_covariate_ids": {
            "overall": 0.0134735107421875,
            "0_select": 0.0042421817779541016,
            "1_aggregate_override": 0.005179643630981445
        },
        "create_base_entity_graph": {
            "overall": 0.04699516296386719,
            "0_cluster_graph": 0.03796219825744629,
            "1_select": 0.004708766937255859
        },
        "create_final_entities": {
            "overall": 5.024104833602905,
            "0_unpack_graph": 0.0157473087310791,
            "1_rename": 0.0052869319915771484,
            "2_select": 0.005556583404541016,
            "3_dedupe": 0.0053174495697021484,
            "4_rename": 0.0052089691162109375,
            "5_filter": 0.008565902709960938,
            "6_text_split": 0.007348537445068359,
            "7_drop": 0.0056056976318359375,
            "8_merge": 0.0275728702545166,
            "9_text_embed": 4.917677402496338,
            "10_drop": 0.006407260894775391,
            "11_filter": 0.009096622467041016
        },
        "create_final_nodes": {
            "overall": 0.15130257606506348,
            "0_layout_graph": 0.04848337173461914,
            "1_unpack_graph": 0.019083499908447266,
            "2_unpack_graph": 0.01924610137939453,
            "3_filter": 0.011036396026611328,
            "4_drop": 0.007007122039794922,
            "5_select": 0.007134675979614258,
            "6_rename": 0.007033109664916992,
            "7_convert": 0.008130311965942383,
            "8_join": 0.010373592376708984,
            "9_rename": 0.007500648498535156
        },
        "create_final_communities": {
            "overall": 0.1808791160583496,
            "0_unpack_graph": 0.02003169059753418,
            "1_unpack_graph": 0.018676042556762695,
            "2_aggregate_override": 0.009284257888793945,
            "3_join": 0.011484861373901367,
            "4_join": 0.010831832885742188,
            "5_concat": 0.00848245620727539,
            "6_filter": 0.01917290687561035,
            "7_aggregate_override": 0.010176420211791992,
            "8_join": 0.013238906860351562,
            "9_filter": 0.011825084686279297,
            "10_fill": 0.00946950912475586,
            "11_merge": 0.011138916015625,
            "12_copy": 0.009432077407836914,
            "13_select": 0.009889841079711914
        },
        "join_text_units_to_entity_ids": {
            "overall": 0.039276838302612305,
            "0_select": 0.009685516357421875,
            "1_unroll": 0.009733438491821289,
            "2_aggregate_override": 0.010245084762573242
        },
        "create_final_relationships": {
            "overall": 0.11656999588012695,
            "0_unpack_graph": 0.02136540412902832,
            "1_filter": 0.015079021453857422,
            "2_rename": 0.01019597053527832,
            "3_filter": 0.014559268951416016,
            "4_drop": 0.010917425155639648,
            "5_compute_edge_combined_degree": 0.012771368026733398,
            "6_convert": 0.011057615280151367,
            "7_convert": 0.010785102844238281
        },
        "join_text_units_to_relationship_ids": {
            "overall": 0.05840778350830078,
            "0_select": 0.011466503143310547,
            "1_unroll": 0.011800289154052734,
            "2_aggregate_override": 0.012451648712158203,
            "3_select": 0.011970996856689453
        },
        "create_final_community_reports": {
            "overall": 1460.9786641597748,
            "0_prepare_community_reports_nodes": 0.014913558959960938,
            "1_prepare_community_reports_edges": 0.012913942337036133,
            "2_prepare_community_reports_claims": 0.012921571731567383,
            "3_restore_community_hierarchy": 0.014034509658813477,
            "4_prepare_community_reports": 0.04470062255859375,
            "5_create_community_reports": 1460.8545486927032,
            "6_window": 0.013032913208007812
        },
        "create_final_text_units": {
            "overall": 0.11588287353515625,
            "0_select": 0.014714479446411133,
            "1_rename": 0.013085603713989258,
            "2_join": 0.01537775993347168,
            "3_join": 0.015877246856689453,
            "4_join": 0.016095638275146484,
            "5_aggregate_override": 0.01472330093383789,
            "6_select": 0.01363372802734375
        },
        "create_base_documents": {
            "overall": 0.13622570037841797,
            "0_unroll": 0.014597177505493164,
            "1_select": 0.013996362686157227,
            "2_rename": 0.014608621597290039,
            "3_join": 0.016872882843017578,
            "4_aggregate_override": 0.015571832656860352,
            "5_join": 0.016859054565429688,
            "6_rename": 0.014674901962280273,
            "7_convert": 0.01536107063293457
        },
        "create_final_documents": {
            "overall": 0.028934478759765625,
            "0_rename": 0.014514446258544922
        }
    }
}