{
    "total_runtime": 1655.365730524063,
    "num_documents": 7,
    "input_load_time": 0,
    "workflows": {
        "create_base_text_units": {
            "overall": 0.11311721801757812,
            "0_orderby": 0.0014262199401855469,
            "1_zip": 0.0016834735870361328,
            "2_aggregate_override": 0.0026166439056396484,
            "3_chunk": 0.0886080265045166,
            "4_select": 0.0022063255310058594,
            "5_unroll": 0.002482175827026367,
            "6_rename": 0.0019752979278564453,
            "7_genid": 0.002285003662109375,
            "8_unzip": 0.002515077590942383,
            "9_copy": 0.002224445343017578,
            "10_filter": 0.003846406936645508
        },
        "create_base_extracted_entities": {
            "overall": 306.1036055088043,
            "0_entity_extract": 306.0905272960663,
            "1_merge_graphs": 0.010470151901245117
        },
        "create_final_covariates": {
            "overall": 300.12441086769104,
            "0_extract_covariates": 300.10383439064026,
            "1_window": 0.0035119056701660156,
            "2_genid": 0.003308534622192383,
            "3_convert": 0.0033910274505615234,
            "4_rename": 0.003632783889770508,
            "5_select": 0.003798246383666992
        },
        "create_summarized_entities": {
            "overall": 9.289365768432617,
            "0_summarize_descriptions": 9.285627603530884
        },
        "join_text_units_to_covariate_ids": {
            "overall": 0.01340031623840332,
            "0_select": 0.0041391849517822266,
            "1_aggregate_override": 0.005330562591552734
        },
        "create_base_entity_graph": {
            "overall": 0.03778386116027832,
            "0_cluster_graph": 0.028536558151245117,
            "1_select": 0.004811763763427734
        },
        "create_final_entities": {
            "overall": 3.490546464920044,
            "0_unpack_graph": 0.01322793960571289,
            "1_rename": 0.005146026611328125,
            "2_select": 0.0052165985107421875,
            "3_dedupe": 0.005571603775024414,
            "4_rename": 0.005381584167480469,
            "5_filter": 0.00688934326171875,
            "6_text_split": 0.007397174835205078,
            "7_drop": 0.00591278076171875,
            "8_merge": 0.023925304412841797,
            "9_text_embed": 3.392954111099243,
            "10_drop": 0.006333351135253906,
            "11_filter": 0.00777888298034668
        },
        "create_final_nodes": {
            "overall": 0.1386125087738037,
            "0_layout_graph": 0.03586864471435547,
            "1_unpack_graph": 0.01578235626220703,
            "2_unpack_graph": 0.015276193618774414,
            "3_drop": 0.006991863250732422,
            "4_filter": 0.01760721206665039,
            "5_select": 0.007224559783935547,
            "6_rename": 0.007391691207885742,
            "7_convert": 0.008056879043579102,
            "8_join": 0.010314464569091797,
            "9_rename": 0.007695198059082031
        },
        "create_final_communities": {
            "overall": 0.17231988906860352,
            "0_unpack_graph": 0.016176939010620117,
            "1_unpack_graph": 0.018886566162109375,
            "2_aggregate_override": 0.00975656509399414,
            "3_join": 0.011754274368286133,
            "4_join": 0.011538028717041016,
            "5_concat": 0.008575916290283203,
            "6_filter": 0.016172409057617188,
            "7_aggregate_override": 0.010276079177856445,
            "8_join": 0.011510848999023438,
            "9_filter": 0.011686563491821289,
            "10_fill": 0.009114980697631836,
            "11_merge": 0.010145425796508789,
            "12_copy": 0.009319305419921875,
            "13_select": 0.009532690048217773
        },
        "join_text_units_to_entity_ids": {
            "overall": 0.03986811637878418,
            "0_select": 0.009654998779296875,
            "1_unroll": 0.010235071182250977,
            "2_aggregate_override": 0.010561704635620117
        },
        "create_final_relationships": {
            "overall": 0.11280632019042969,
            "0_unpack_graph": 0.0188596248626709,
            "1_filter": 0.014453887939453125,
            "2_rename": 0.010828256607055664,
            "3_filter": 0.011984109878540039,
            "4_drop": 0.011052370071411133,
            "5_compute_edge_combined_degree": 0.013009786605834961,
            "6_convert": 0.011437416076660156,
            "7_convert": 0.011183977127075195
        },
        "join_text_units_to_relationship_ids": {
            "overall": 0.058634042739868164,
            "0_select": 0.011044979095458984,
            "1_unroll": 0.01213693618774414,
            "2_aggregate_override": 0.012216567993164062,
            "3_select": 0.012343168258666992
        },
        "create_final_community_reports": {
            "overall": 1033.6757559776306,
            "0_prepare_community_reports_nodes": 0.014449119567871094,
            "1_prepare_community_reports_edges": 0.018770456314086914,
            "2_prepare_community_reports_claims": 0.020250558853149414,
            "3_restore_community_hierarchy": 0.013828754425048828,
            "4_prepare_community_reports": 0.03801727294921875,
            "5_create_community_reports": 1033.5459909439087,
            "6_window": 0.01274251937866211
        },
        "create_final_text_units": {
            "overall": 0.12198781967163086,
            "0_select": 0.012761831283569336,
            "1_rename": 0.01324605941772461,
            "2_join": 0.019579410552978516,
            "3_join": 0.016253948211669922,
            "4_join": 0.01785731315612793,
            "5_aggregate_override": 0.015475749969482422,
            "6_select": 0.0140838623046875
        },
        "create_base_documents": {
            "overall": 0.14612722396850586,
            "0_unroll": 0.014777183532714844,
            "1_select": 0.014585494995117188,
            "2_rename": 0.014331340789794922,
            "3_join": 0.01708531379699707,
            "4_aggregate_override": 0.015711069107055664,
            "5_join": 0.020018339157104492,
            "6_rename": 0.015106678009033203,
            "7_convert": 0.020917415618896484
        },
        "create_final_documents": {
            "overall": 0.029344797134399414,
            "0_rename": 0.014680624008178711
        }
    }
}