{
    "total_runtime": 5401.719889879227,
    "num_documents": 1,
    "input_load_time": 0,
    "workflows": {
        "create_base_extracted_entities": {
            "overall": 389.9789524078369,
            "0_entity_extract": 389.87996530532837,
            "1_merge_graphs": 0.09891676902770996
        },
        "create_final_covariates": {
            "overall": 343.7169177532196,
            "0_extract_covariates": 343.7153630256653,
            "1_window": 0.0004937648773193359,
            "2_genid": 0.00024509429931640625,
            "3_convert": 0.00021576881408691406,
            "4_rename": 0.00023555755615234375,
            "5_select": 0.00026988983154296875
        },
        "create_summarized_entities": {
            "overall": 24.07556939125061,
            "0_summarize_descriptions": 24.07551646232605
        },
        "join_text_units_to_covariate_ids": {
            "overall": 0.00225067138671875,
            "0_select": 0.00032138824462890625,
            "1_aggregate_override": 0.0018754005432128906
        },
        "create_base_entity_graph": {
            "overall": 0.10754156112670898,
            "0_cluster_graph": 0.10718107223510742,
            "1_select": 0.00029397010803222656
        },
        "create_final_entities": {
            "overall": 11.55568552017212,
            "0_unpack_graph": 0.04079174995422363,
            "1_rename": 0.00031757354736328125,
            "2_select": 0.00031375885009765625,
            "3_dedupe": 0.0003705024719238281,
            "4_rename": 0.00016951560974121094,
            "5_filter": 0.005004167556762695,
            "6_text_split": 0.004469156265258789,
            "7_drop": 0.00022649765014648438,
            "8_merge": 0.0569157600402832,
            "9_text_embed": 11.441078424453735,
            "10_drop": 0.00037384033203125,
            "11_filter": 0.005505561828613281
        },
        "create_final_nodes": {
            "overall": 0.4095776081085205,
            "0_layout_graph": 0.2225332260131836,
            "1_unpack_graph": 0.046624183654785156,
            "2_unpack_graph": 0.12086701393127441,
            "3_filter": 0.013177871704101562,
            "4_drop": 0.0004177093505859375,
            "5_select": 0.0002713203430175781,
            "6_rename": 0.0001926422119140625,
            "7_join": 0.003881692886352539,
            "8_convert": 0.000986337661743164,
            "9_rename": 0.0004596710205078125
        },
        "create_final_communities": {
            "overall": 0.1322023868560791,
            "0_unpack_graph": 0.03918170928955078,
            "1_unpack_graph": 0.03854227066040039,
            "2_aggregate_override": 0.0015459060668945312,
            "3_join": 0.003665447235107422,
            "4_join": 0.003422260284423828,
            "5_concat": 0.00029850006103515625,
            "6_filter": 0.03427457809448242,
            "7_aggregate_override": 0.002702474594116211,
            "8_join": 0.0024712085723876953,
            "9_filter": 0.0018923282623291016,
            "10_fill": 0.00015616416931152344,
            "11_merge": 0.003304004669189453,
            "12_copy": 0.00020432472229003906,
            "13_select": 0.0002715587615966797
        },
        "join_text_units_to_entity_ids": {
            "overall": 0.002866029739379883,
            "0_select": 0.0004038810729980469,
            "1_unroll": 0.0009686946868896484,
            "2_aggregate_override": 0.0014133453369140625
        },
        "create_final_relationships": {
            "overall": 0.062290191650390625,
            "0_unpack_graph": 0.040880680084228516,
            "1_filter": 0.01281595230102539,
            "2_rename": 0.0002455711364746094,
            "3_filter": 0.005130290985107422,
            "4_drop": 0.00033855438232421875,
            "5_compute_edge_combined_degree": 0.0022153854370117188,
            "6_convert": 0.0002853870391845703,
            "7_convert": 0.00024271011352539062
        },
        "join_text_units_to_relationship_ids": {
            "overall": 0.002675771713256836,
            "0_select": 0.0003325939178466797,
            "1_unroll": 0.0008308887481689453,
            "2_aggregate_override": 0.0011968612670898438,
            "3_select": 0.00024771690368652344
        },
        "create_final_community_reports": {
            "overall": 4630.220042467117,
            "0_prepare_community_reports_nodes": 0.011369943618774414,
            "1_prepare_community_reports_edges": 0.0022585391998291016,
            "2_prepare_community_reports_claims": 0.0011546611785888672,
            "3_restore_community_hierarchy": 0.0028340816497802734,
            "4_prepare_community_reports": 0.0826716423034668,
            "5_create_community_reports": 4630.118973970413,
            "6_window": 0.0004475116729736328
        },
        "create_final_text_units": {
            "overall": 0.00935506820678711,
            "0_select": 0.0003008842468261719,
            "1_rename": 0.00017952919006347656,
            "2_join": 0.0024788379669189453,
            "3_join": 0.0025773048400878906,
            "4_join": 0.002347707748413086,
            "5_aggregate_override": 0.0011456012725830078,
            "6_select": 0.0002276897430419922
        },
        "create_base_documents": {
            "overall": 0.0074863433837890625,
            "0_unroll": 0.0009236335754394531,
            "1_select": 0.00024080276489257812,
            "2_rename": 0.0001995563507080078,
            "3_join": 0.0023429393768310547,
            "4_aggregate_override": 0.0008730888366699219,
            "5_join": 0.002215862274169922,
            "6_rename": 0.00019407272338867188,
            "7_convert": 0.0003941059112548828
        },
        "create_final_documents": {
            "overall": 0.00029778480529785156,
            "0_rename": 0.0002493858337402344
        }
    }
}