{
    "total_runtime": 6143.915625333786,
    "num_documents": 1,
    "input_load_time": 0,
    "workflows": {
        "create_base_text_units": {
            "overall": 0.11272096633911133,
            "0_orderby": 0.0013089179992675781,
            "1_zip": 0.0015358924865722656,
            "2_aggregate_override": 0.0026688575744628906,
            "3_chunk": 0.08811378479003906,
            "4_select": 0.0021216869354248047,
            "5_unroll": 0.0026597976684570312,
            "6_rename": 0.0020399093627929688,
            "7_genid": 0.002201557159423828,
            "8_unzip": 0.002494335174560547,
            "9_copy": 0.0023081302642822266,
            "10_filter": 0.004073381423950195
        },
        "create_base_extracted_entities": {
            "overall": 494.5083796977997,
            "0_entity_extract": 494.4911448955536,
            "1_merge_graphs": 0.0144500732421875
        },
        "create_final_covariates": {
            "overall": 238.54782962799072,
            "0_extract_covariates": 238.5267515182495,
            "1_window": 0.003681659698486328,
            "2_genid": 0.0032448768615722656,
            "3_convert": 0.0033521652221679688,
            "4_rename": 0.003476858139038086,
            "5_select": 0.004373311996459961
        },
        "create_summarized_entities": {
            "overall": 98.31590676307678,
            "0_summarize_descriptions": 98.31002140045166
        },
        "join_text_units_to_covariate_ids": {
            "overall": 0.013377189636230469,
            "0_select": 0.0041484832763671875,
            "1_aggregate_override": 0.0051898956298828125
        },
        "create_base_entity_graph": {
            "overall": 0.05843019485473633,
            "0_cluster_graph": 0.049233436584472656,
            "1_select": 0.004891872406005859
        },
        "create_final_entities": {
            "overall": 3.6448307037353516,
            "0_unpack_graph": 0.02116084098815918,
            "1_rename": 0.005208015441894531,
            "2_select": 0.005755424499511719,
            "3_dedupe": 0.005345582962036133,
            "4_rename": 0.005211591720581055,
            "5_filter": 0.008118152618408203,
            "6_text_split": 0.0072214603424072266,
            "7_drop": 0.0062427520751953125,
            "8_merge": 0.024995088577270508,
            "9_text_embed": 3.5293798446655273,
            "10_drop": 0.006224393844604492,
            "11_filter": 0.014946699142456055
        },
        "create_final_nodes": {
            "overall": 0.18506741523742676,
            "0_layout_graph": 0.06647229194641113,
            "1_unpack_graph": 0.0254669189453125,
            "2_unpack_graph": 0.0254366397857666,
            "3_drop": 0.0069828033447265625,
            "4_filter": 0.011980056762695312,
            "5_select": 0.00735926628112793,
            "6_rename": 0.007522106170654297,
            "7_convert": 0.008479595184326172,
            "8_join": 0.011153221130371094,
            "9_rename": 0.007587432861328125
        },
        "create_final_communities": {
            "overall": 0.2091069221496582,
            "0_unpack_graph": 0.024431705474853516,
            "1_unpack_graph": 0.02447962760925293,
            "2_aggregate_override": 0.009874105453491211,
            "3_join": 0.012803077697753906,
            "4_join": 0.011525392532348633,
            "5_concat": 0.008503913879394531,
            "6_filter": 0.03250479698181152,
            "7_aggregate_override": 0.012134552001953125,
            "8_join": 0.011471033096313477,
            "9_filter": 0.01162409782409668,
            "10_fill": 0.009339570999145508,
            "11_merge": 0.012058019638061523,
            "12_copy": 0.009450674057006836,
            "13_select": 0.0102691650390625
        },
        "join_text_units_to_entity_ids": {
            "overall": 0.041496992111206055,
            "0_select": 0.010155200958251953,
            "1_unroll": 0.010789632797241211,
            "2_aggregate_override": 0.011109590530395508
        },
        "create_final_relationships": {
            "overall": 0.13607001304626465,
            "0_unpack_graph": 0.025883197784423828,
            "1_filter": 0.015046358108520508,
            "2_rename": 0.011101722717285156,
            "3_filter": 0.015146970748901367,
            "4_drop": 0.01620626449584961,
            "5_compute_edge_combined_degree": 0.019655227661132812,
            "6_convert": 0.011766672134399414,
            "7_convert": 0.011095046997070312
        },
        "join_text_units_to_relationship_ids": {
            "overall": 0.06058645248413086,
            "0_select": 0.011757612228393555,
            "1_unroll": 0.011955499649047852,
            "2_aggregate_override": 0.013376951217651367,
            "3_select": 0.012102365493774414
        },
        "create_final_community_reports": {
            "overall": 5306.006298303604,
            "0_prepare_community_reports_nodes": 0.01587224006652832,
            "1_prepare_community_reports_edges": 0.01425933837890625,
            "2_prepare_community_reports_claims": 0.012843132019042969,
            "3_restore_community_hierarchy": 0.015502452850341797,
            "4_prepare_community_reports": 0.07667779922485352,
            "5_create_community_reports": 5305.84601187706,
            "6_window": 0.01279306411743164
        },
        "create_final_text_units": {
            "overall": 0.11277985572814941,
            "0_select": 0.013092279434204102,
            "1_rename": 0.012856245040893555,
            "2_join": 0.015674829483032227,
            "3_join": 0.015308141708374023,
            "4_join": 0.01564955711364746,
            "5_aggregate_override": 0.014338493347167969,
            "6_select": 0.0132598876953125
        },
        "create_base_documents": {
            "overall": 0.13233661651611328,
            "0_unroll": 0.014544963836669922,
            "1_select": 0.013917207717895508,
            "2_rename": 0.013855934143066406,
            "3_join": 0.01614212989807129,
            "4_aggregate_override": 0.014680862426757812,
            "5_join": 0.01648426055908203,
            "6_rename": 0.014271020889282227,
            "7_convert": 0.014690160751342773
        },
        "create_final_documents": {
            "overall": 0.028905630111694336,
            "0_rename": 0.014518976211547852
        }
    }
}