{
    "total_runtime": 3620.461527824402,
    "num_documents": 1,
    "input_load_time": 0,
    "workflows": {
        "create_base_text_units": {
            "overall": 0.10870623588562012,
            "0_orderby": 0.001363515853881836,
            "1_zip": 0.0016357898712158203,
            "2_aggregate_override": 0.0026314258575439453,
            "3_chunk": 0.08435249328613281,
            "4_select": 0.0021681785583496094,
            "5_unroll": 0.002638578414916992,
            "6_rename": 0.002046346664428711,
            "7_genid": 0.002206563949584961,
            "8_unzip": 0.002383708953857422,
            "9_copy": 0.0021653175354003906,
            "10_filter": 0.003885984420776367
        },
        "create_base_extracted_entities": {
            "overall": 335.3505313396454,
            "0_entity_extract": 335.3333885669708,
            "1_merge_graphs": 0.014537334442138672
        },
        "create_final_covariates": {
            "overall": 213.96487045288086,
            "0_extract_covariates": 213.9449701309204,
            "1_window": 0.003370046615600586,
            "2_genid": 0.0032117366790771484,
            "3_convert": 0.003275632858276367,
            "4_rename": 0.0034894943237304688,
            "5_select": 0.003659963607788086
        },
        "create_summarized_entities": {
            "overall": 15.688992738723755,
            "0_summarize_descriptions": 15.685255765914917
        },
        "join_text_units_to_covariate_ids": {
            "overall": 0.014365673065185547,
            "0_select": 0.00399017333984375,
            "1_aggregate_override": 0.0064775943756103516
        },
        "create_base_entity_graph": {
            "overall": 0.034519195556640625,
            "0_cluster_graph": 0.025479555130004883,
            "1_select": 0.0047550201416015625
        },
        "create_final_entities": {
            "overall": 5.946867942810059,
            "0_unpack_graph": 0.01136922836303711,
            "1_rename": 0.004845857620239258,
            "2_select": 0.0057370662689208984,
            "3_dedupe": 0.005109310150146484,
            "4_rename": 0.005179643630981445,
            "5_filter": 0.008890390396118164,
            "6_text_split": 0.007638692855834961,
            "7_drop": 0.011651277542114258,
            "8_merge": 0.0332183837890625,
            "9_text_embed": 5.833095073699951,
            "10_drop": 0.006306648254394531,
            "11_filter": 0.009136199951171875
        },
        "create_final_nodes": {
            "overall": 0.12395572662353516,
            "0_layout_graph": 0.028592348098754883,
            "1_unpack_graph": 0.019816875457763672,
            "2_unpack_graph": 0.01347494125366211,
            "3_drop": 0.0068132877349853516,
            "4_filter": 0.009481668472290039,
            "5_select": 0.007047176361083984,
            "6_rename": 0.0069997310638427734,
            "7_convert": 0.007992982864379883,
            "8_join": 0.01006937026977539,
            "9_rename": 0.0074384212493896484
        },
        "create_final_communities": {
            "overall": 0.1587352752685547,
            "0_unpack_graph": 0.014065265655517578,
            "1_unpack_graph": 0.01301264762878418,
            "2_aggregate_override": 0.009926319122314453,
            "3_join": 0.011541604995727539,
            "4_join": 0.011017084121704102,
            "5_concat": 0.008516073226928711,
            "6_filter": 0.010415792465209961,
            "7_aggregate_override": 0.010775566101074219,
            "8_join": 0.011553287506103516,
            "9_filter": 0.010532140731811523,
            "10_fill": 0.009112119674682617,
            "11_merge": 0.011724472045898438,
            "12_copy": 0.009220361709594727,
            "13_select": 0.009615898132324219
        },
        "join_text_units_to_entity_ids": {
            "overall": 0.03996682167053223,
            "0_select": 0.009550333023071289,
            "1_unroll": 0.010384082794189453,
            "2_aggregate_override": 0.010701656341552734
        },
        "create_final_relationships": {
            "overall": 0.10725116729736328,
            "0_unpack_graph": 0.016239166259765625,
            "1_filter": 0.013221263885498047,
            "2_rename": 0.010354995727539062,
            "3_filter": 0.012271881103515625,
            "4_drop": 0.010705709457397461,
            "5_compute_edge_combined_degree": 0.012786149978637695,
            "6_convert": 0.01089620590209961,
            "7_convert": 0.010870695114135742
        },
        "join_text_units_to_relationship_ids": {
            "overall": 0.05779695510864258,
            "0_select": 0.011309146881103516,
            "1_unroll": 0.011655569076538086,
            "2_aggregate_override": 0.012467384338378906,
            "3_select": 0.011462688446044922
        },
        "create_final_community_reports": {
            "overall": 3046.880294561386,
            "0_prepare_community_reports_nodes": 0.02596592903137207,
            "1_prepare_community_reports_edges": 0.015116214752197266,
            "2_prepare_community_reports_claims": 0.01315927505493164,
            "3_restore_community_hierarchy": 0.014398813247680664,
            "4_prepare_community_reports": 0.054173946380615234,
            "5_create_community_reports": 3046.733201980591,
            "6_window": 0.01270914077758789
        },
        "create_final_text_units": {
            "overall": 0.11296892166137695,
            "0_select": 0.012583017349243164,
            "1_rename": 0.012873649597167969,
            "2_join": 0.016014814376831055,
            "3_join": 0.015406608581542969,
            "4_join": 0.015737056732177734,
            "5_aggregate_override": 0.014524698257446289,
            "6_select": 0.013550758361816406
        },
        "create_base_documents": {
            "overall": 0.14637112617492676,
            "0_unroll": 0.014000654220581055,
            "1_select": 0.018679141998291016,
            "2_rename": 0.02250504493713379,
            "3_join": 0.01710224151611328,
            "4_aggregate_override": 0.014714479446411133,
            "5_join": 0.016609668731689453,
            "6_rename": 0.014540433883666992,
            "7_convert": 0.01487278938293457
        },
        "create_final_documents": {
            "overall": 0.029290437698364258,
            "0_rename": 0.014900922775268555
        }
    }
}