{
    "total_runtime": 635.9329144954681,
    "num_documents": 5,
    "input_load_time": 0,
    "workflows": {
        "create_base_text_units": {
            "overall": 0.11589360237121582,
            "0_orderby": 0.0014836788177490234,
            "1_zip": 0.0016293525695800781,
            "2_aggregate_override": 0.002616405487060547,
            "3_chunk": 0.09017705917358398,
            "4_select": 0.002192258834838867,
            "5_unroll": 0.002626657485961914,
            "6_rename": 0.002082347869873047,
            "7_genid": 0.0026781558990478516,
            "8_unzip": 0.002581357955932617,
            "9_copy": 0.002377748489379883,
            "10_filter": 0.004174947738647461
        },
        "create_base_extracted_entities": {
            "overall": 353.082720041275,
            "0_entity_extract": 353.01819920539856,
            "1_merge_graphs": 0.061792612075805664
        },
        "create_final_covariates": {
            "overall": 219.56685137748718,
            "0_extract_covariates": 219.54379391670227,
            "1_window": 0.0053975582122802734,
            "2_genid": 0.003429412841796875,
            "3_convert": 0.003438711166381836,
            "4_rename": 0.0035784244537353516,
            "5_select": 0.004128456115722656
        },
        "create_summarized_entities": {
            "overall": 50.28412127494812,
            "0_summarize_descriptions": 50.28033471107483
        },
        "join_text_units_to_covariate_ids": {
            "overall": 0.014174461364746094,
            "0_select": 0.00432276725769043,
            "1_aggregate_override": 0.005864381790161133
        },
        "create_base_entity_graph": {
            "overall": 0.353973388671875,
            "0_cluster_graph": 0.34470701217651367,
            "1_select": 0.004806041717529297
        },
        "create_final_entities": {
            "overall": 8.951789855957031,
            "0_unpack_graph": 0.10979342460632324,
            "1_rename": 0.00511932373046875,
            "2_select": 0.0054743289947509766,
            "3_dedupe": 0.0055196285247802734,
            "4_rename": 0.005463361740112305,
            "5_filter": 0.009469032287597656,
            "6_text_split": 0.009455442428588867,
            "7_drop": 0.006251811981201172,
            "8_merge": 0.05425262451171875,
            "9_text_embed": 8.717791557312012,
            "10_drop": 0.006930112838745117,
            "11_filter": 0.011349201202392578
        },
        "create_final_nodes": {
            "overall": 1.0401756763458252,
            "0_layout_graph": 0.5543463230133057,
            "1_unpack_graph": 0.20318245887756348,
            "2_unpack_graph": 0.20577263832092285,
            "3_drop": 0.007253885269165039,
            "4_filter": 0.02077937126159668,
            "5_select": 0.007357358932495117,
            "6_rename": 0.007318019866943359,
            "7_join": 0.011272192001342773,
            "8_convert": 0.00827789306640625,
            "9_rename": 0.008039236068725586
        },
        "create_final_communities": {
            "overall": 0.8286840915679932,
            "0_unpack_graph": 0.1152956485748291,
            "1_unpack_graph": 0.20589995384216309,
            "2_aggregate_override": 0.01004171371459961,
            "3_join": 0.017351388931274414,
            "4_join": 0.01809096336364746,
            "5_concat": 0.00954127311706543,
            "6_filter": 0.3577888011932373,
            "7_aggregate_override": 0.016434431076049805,
            "8_join": 0.011562108993530273,
            "9_filter": 0.012094497680664062,
            "10_fill": 0.009206771850585938,
            "11_merge": 0.017760276794433594,
            "12_copy": 0.009610891342163086,
            "13_select": 0.009598493576049805
        },
        "join_text_units_to_entity_ids": {
            "overall": 0.052367210388183594,
            "0_select": 0.009964466094970703,
            "1_unroll": 0.010956764221191406,
            "2_aggregate_override": 0.02179098129272461
        },
        "create_final_relationships": {
            "overall": 0.24368548393249512,
            "0_unpack_graph": 0.11885690689086914,
            "1_filter": 0.024369239807128906,
            "2_rename": 0.010826587677001953,
            "3_filter": 0.0323641300201416,
            "4_drop": 0.010997772216796875,
            "5_compute_edge_combined_degree": 0.013333320617675781,
            "6_convert": 0.011270761489868164,
            "7_convert": 0.011425018310546875
        },
        "join_text_units_to_relationship_ids": {
            "overall": 0.06118965148925781,
            "0_select": 0.01141977310180664,
            "1_unroll": 0.013244390487670898,
            "2_aggregate_override": 0.013649463653564453,
            "3_select": 0.011866331100463867
        }
    }
}