{
    "total_runtime": 26386.324127435684,
    "num_documents": 11,
    "input_load_time": 0,
    "workflows": {
        "create_base_text_units": {
            "overall": 0.11531710624694824,
            "0_orderby": 0.0016036033630371094,
            "1_zip": 0.0016937255859375,
            "2_aggregate_override": 0.002664327621459961,
            "3_chunk": 0.0896456241607666,
            "4_select": 0.002233266830444336,
            "5_unroll": 0.0026559829711914062,
            "6_rename": 0.002045869827270508,
            "7_genid": 0.002648591995239258,
            "8_unzip": 0.0025734901428222656,
            "9_copy": 0.002307891845703125,
            "10_filter": 0.0039026737213134766
        },
        "create_base_extracted_entities": {
            "overall": 2805.958156347275,
            "0_entity_extract": 2805.8936216831207,
            "1_merge_graphs": 0.0618281364440918
        },
        "create_final_covariates": {
            "overall": 1650.8333191871643,
            "0_extract_covariates": 1650.8122999668121,
            "1_window": 0.003625631332397461,
            "2_genid": 0.003396272659301758,
            "3_convert": 0.003565073013305664,
            "4_rename": 0.003566265106201172,
            "5_select": 0.003840208053588867
        },
        "create_summarized_entities": {
            "overall": 324.5539438724518,
            "0_summarize_descriptions": 324.550288438797
        },
        "join_text_units_to_covariate_ids": {
            "overall": 0.014892816543579102,
            "0_select": 0.004290342330932617,
            "1_aggregate_override": 0.005900144577026367
        },
        "create_base_entity_graph": {
            "overall": 0.41840553283691406,
            "0_cluster_graph": 0.4088413715362549,
            "1_select": 0.005011081695556641
        },
        "create_final_entities": {
            "overall": 8.559053421020508,
            "0_unpack_graph": 0.1119227409362793,
            "1_rename": 0.005112648010253906,
            "2_select": 0.08793401718139648,
            "3_dedupe": 0.005761623382568359,
            "4_rename": 0.00545048713684082,
            "5_filter": 0.00946950912475586,
            "6_text_split": 0.009225130081176758,
            "7_drop": 0.006026268005371094,
            "8_merge": 0.055734872817993164,
            "9_text_embed": 8.240405559539795,
            "10_drop": 0.006531715393066406,
            "11_filter": 0.010462284088134766
        },
        "create_final_nodes": {
            "overall": 1.1035487651824951,
            "0_layout_graph": 0.5828850269317627,
            "1_unpack_graph": 0.23210644721984863,
            "2_unpack_graph": 0.20794343948364258,
            "3_filter": 0.02113962173461914,
            "4_drop": 0.0073359012603759766,
            "5_select": 0.00757145881652832,
            "6_rename": 0.00966954231262207,
            "7_convert": 0.008240222930908203,
            "8_join": 0.011538505554199219,
            "9_rename": 0.008397102355957031
        },
        "create_final_communities": {
            "overall": 0.8854660987854004,
            "0_unpack_graph": 0.11660909652709961,
            "1_unpack_graph": 0.2177743911743164,
            "2_aggregate_override": 0.010387897491455078,
            "3_join": 0.020740747451782227,
            "4_join": 0.021362781524658203,
            "5_concat": 0.010329961776733398,
            "6_filter": 0.38413238525390625,
            "7_aggregate_override": 0.01690196990966797,
            "8_join": 0.011632680892944336,
            "9_filter": 0.01224660873413086,
            "10_fill": 0.009247541427612305,
            "11_merge": 0.019855022430419922,
            "12_copy": 0.014591693878173828,
            "13_select": 0.011214971542358398
        },
        "join_text_units_to_entity_ids": {
            "overall": 0.04264378547668457,
            "0_select": 0.010138988494873047,
            "1_unroll": 0.01074528694152832,
            "2_aggregate_override": 0.012071609497070312
        },
        "create_final_relationships": {
            "overall": 0.34144115447998047,
            "0_unpack_graph": 0.21151494979858398,
            "1_filter": 0.024480581283569336,
            "2_rename": 0.010944128036499023,
            "3_filter": 0.03501296043395996,
            "4_drop": 0.011050701141357422,
            "5_compute_edge_combined_degree": 0.013294696807861328,
            "6_convert": 0.011495351791381836,
            "7_convert": 0.011768341064453125
        },
        "join_text_units_to_relationship_ids": {
            "overall": 0.06142759323120117,
            "0_select": 0.011717557907104492,
            "1_unroll": 0.012424945831298828,
            "2_aggregate_override": 0.013813018798828125,
            "3_select": 0.012137651443481445
        },
        "create_final_community_reports": {
            "overall": 21591.173019886017,
            "0_prepare_community_reports_nodes": 0.02543497085571289,
            "1_prepare_community_reports_edges": 0.021109819412231445,
            "2_prepare_community_reports_claims": 0.014566659927368164,
            "3_restore_community_hierarchy": 0.019091367721557617,
            "4_prepare_community_reports": 0.34996795654296875,
            "5_create_community_reports": 21590.71580338478,
            "6_window": 0.013872861862182617
        },
        "create_final_text_units": {
            "overall": 0.12005877494812012,
            "0_select": 0.013416767120361328,
            "1_rename": 0.013303279876708984,
            "2_join": 0.016456127166748047,
            "3_join": 0.015796899795532227,
            "4_join": 0.01905226707458496,
            "5_aggregate_override": 0.015186071395874023,
            "6_select": 0.013783693313598633
        },
        "create_base_documents": {
            "overall": 0.1372392177581787,
            "0_unroll": 0.014558076858520508,
            "1_select": 0.014156341552734375,
            "2_rename": 0.014226675033569336,
            "3_join": 0.016564369201660156,
            "4_aggregate_override": 0.015223503112792969,
            "5_join": 0.018062353134155273,
            "6_rename": 0.01515817642211914,
            "7_convert": 0.015536308288574219
        },
        "create_final_documents": {
            "overall": 0.03291153907775879,
            "0_rename": 0.01770615577697754
        }
    }
}