{
    "total_runtime": 720.9157147407532,
    "num_documents": 1,
    "input_load_time": 0,
    "workflows": {
        "create_base_extracted_entities": {
            "overall": 193.31602597236633,
            "0_entity_extract": 193.2977809906006,
            "1_merge_graphs": 0.016993999481201172
        },
        "create_final_covariates": {
            "overall": 170.88160610198975,
            "0_extract_covariates": 170.86918115615845,
            "1_window": 0.002172708511352539,
            "2_genid": 0.0019829273223876953,
            "3_convert": 0.002025604248046875,
            "4_rename": 0.002228975296020508,
            "5_select": 0.0025124549865722656
        },
        "create_summarized_entities": {
            "overall": 58.39631223678589,
            "0_summarize_descriptions": 58.393933057785034
        },
        "join_text_units_to_covariate_ids": {
            "overall": 0.010015487670898438,
            "0_select": 0.002921581268310547,
            "1_aggregate_override": 0.004422426223754883
        },
        "create_base_entity_graph": {
            "overall": 0.5815496444702148,
            "0_cluster_graph": 0.574883222579956,
            "1_select": 0.003576040267944336
        },
        "create_final_entities": {
            "overall": 3.796170949935913,
            "0_unpack_graph": 0.022992610931396484,
            "1_rename": 0.0038814544677734375,
            "2_select": 0.003785371780395508,
            "3_dedupe": 0.004015207290649414,
            "4_rename": 0.0038716793060302734,
            "5_filter": 0.005472421646118164,
            "6_text_split": 0.00553584098815918,
            "7_drop": 0.005760908126831055,
            "8_merge": 0.02181100845336914,
            "9_text_embed": 3.7042768001556396,
            "10_drop": 0.004848003387451172,
            "11_filter": 0.006588459014892578
        },
        "create_final_nodes": {
            "overall": 0.19683361053466797,
            "0_layout_graph": 0.08959221839904785,
            "1_unpack_graph": 0.026290178298950195,
            "2_unpack_graph": 0.0263671875,
            "3_drop": 0.005573749542236328,
            "4_filter": 0.009859561920166016,
            "5_select": 0.0058553218841552734,
            "6_rename": 0.005894660949707031,
            "7_convert": 0.006624698638916016,
            "8_join": 0.00933980941772461,
            "9_rename": 0.0063724517822265625
        },
        "create_final_communities": {
            "overall": 0.21126627922058105,
            "0_unpack_graph": 0.026078224182128906,
            "1_unpack_graph": 0.02576613426208496,
            "2_aggregate_override": 0.008043766021728516,
            "3_join": 0.010781288146972656,
            "4_join": 0.010296821594238281,
            "5_concat": 0.007328033447265625,
            "6_filter": 0.05212855339050293,
            "7_aggregate_override": 0.010229825973510742,
            "8_join": 0.00971674919128418,
            "9_filter": 0.009420633316040039,
            "10_fill": 0.007616281509399414,
            "11_merge": 0.011463403701782227,
            "12_copy": 0.0077228546142578125,
            "13_select": 0.008174419403076172
        },
        "join_text_units_to_entity_ids": {
            "overall": 0.03635549545288086,
            "0_select": 0.008335113525390625,
            "1_unroll": 0.009339570999145508,
            "2_aggregate_override": 0.009680747985839844
        },
        "create_final_relationships": {
            "overall": 0.11913681030273438,
            "0_unpack_graph": 0.03220701217651367,
            "1_filter": 0.013354778289794922,
            "2_rename": 0.009061098098754883,
            "3_filter": 0.014797210693359375,
            "4_drop": 0.009435892105102539,
            "5_compute_edge_combined_degree": 0.011190176010131836,
            "6_convert": 0.009997129440307617,
            "7_convert": 0.009823083877563477
        },
        "join_text_units_to_relationship_ids": {
            "overall": 0.06554317474365234,
            "0_select": 0.015390157699584961,
            "1_unroll": 0.0187070369720459,
            "2_aggregate_override": 0.011172771453857422,
            "3_select": 0.010519266128540039
        },
        "create_final_community_reports": {
            "overall": 291.0573663711548,
            "0_prepare_community_reports_nodes": 0.014178991317749023,
            "1_prepare_community_reports_edges": 0.012758016586303711,
            "2_prepare_community_reports_claims": 0.01257944107055664,
            "3_restore_community_hierarchy": 0.013673067092895508,
            "4_prepare_community_reports": 0.13435077667236328,
            "5_create_community_reports": 290.8472933769226,
            "6_window": 0.011908769607543945
        },
        "create_final_text_units": {
            "overall": 0.11795997619628906,
            "0_select": 0.011628866195678711,
            "1_rename": 0.01184844970703125,
            "2_join": 0.014770269393920898,
            "3_join": 0.025211334228515625,
            "4_join": 0.01647186279296875,
            "5_aggregate_override": 0.014232158660888672,
            "6_select": 0.01234126091003418
        },
        "create_base_documents": {
            "overall": 0.123992919921875,
            "0_unroll": 0.013541221618652344,
            "1_select": 0.012685298919677734,
            "2_rename": 0.012989044189453125,
            "3_join": 0.01507258415222168,
            "4_aggregate_override": 0.014560699462890625,
            "5_join": 0.015617609024047852,
            "6_rename": 0.013368606567382812,
            "7_convert": 0.013628005981445312
        },
        "create_final_documents": {
            "overall": 0.0272219181060791,
            "0_rename": 0.013773441314697266
        }
    }
}